{
  "claude_full_baseline": {
    "name": "Claude Sonnet 4.6 Baseline k=1",
    "n": 1698,
    "accuracy": {
      "overall": 0.7273262661955241,
      "n": 1698,
      "n_correct": 1235,
      "n_tied": 312,
      "by_subset": {
        "Factuality": {
          "accuracy": 0.7164179104477612,
          "n": 469,
          "n_correct": 336,
          "n_tied": 93
        },
        "Focus": {
          "accuracy": 0.7252066115702479,
          "n": 484,
          "n_correct": 351,
          "n_tied": 88
        },
        "Math": {
          "accuracy": 0.7630057803468208,
          "n": 173,
          "n_correct": 132,
          "n_tied": 25
        },
        "Precise IF": {
          "accuracy": 0.38620689655172413,
          "n": 145,
          "n_correct": 56,
          "n_tied": 58
        },
        "Safety": {
          "accuracy": 0.8430913348946136,
          "n": 427,
          "n_correct": 360,
          "n_tied": 48
        }
      }
    },
    "accuracy_ci": {
      "overall": {
        "mean": 0.7268515716325321,
        "ci_low": 0.7048617248168848,
        "ci_high": 0.748901091680707
      },
      "by_subset": {
        "Factuality": {
          "mean": 0.7167210613690175,
          "ci_low": 0.6799938748607419,
          "ci_high": 0.7592083333333333
        },
        "Focus": {
          "mean": 0.7252111974932299,
          "ci_low": 0.6884052953156823,
          "ci_high": 0.7636766184628757
        },
        "Math": {
          "mean": 0.7611358851734501,
          "ci_low": 0.6951176264044944,
          "ci_high": 0.8204398894518655
        },
        "Precise IF": {
          "mean": 0.3839991630799713,
          "ci_low": 0.30361414229594064,
          "ci_high": 0.45709542489838356
        },
        "Safety": {
          "mean": 0.8430148884090185,
          "ci_low": 0.805198577629999,
          "ci_high": 0.875141129032258
        }
      }
    },
    "cost": {
      "cost_per_example": 0.0
    }
  },
  "claude_full_ensemble_k8": {
    "name": "Claude Sonnet 4.6 Ensemble k=8",
    "n": 1705,
    "accuracy": {
      "overall": 0.8304985337243401,
      "n": 1705,
      "n_correct": 1416,
      "n_tied": 67,
      "by_subset": {
        "Factuality": {
          "accuracy": 0.847457627118644,
          "n": 472,
          "n_correct": 400,
          "n_tied": 17
        },
        "Focus": {
          "accuracy": 0.8347107438016529,
          "n": 484,
          "n_correct": 404,
          "n_tied": 18
        },
        "Math": {
          "accuracy": 0.8959537572254336,
          "n": 173,
          "n_correct": 155,
          "n_tied": 4
        },
        "Precise IF": {
          "accuracy": 0.5310344827586206,
          "n": 145,
          "n_correct": 77,
          "n_tied": 17
        },
        "Safety": {
          "accuracy": 0.8816705336426914,
          "n": 431,
          "n_correct": 380,
          "n_tied": 11
        }
      }
    },
    "accuracy_ci": {
      "overall": {
        "mean": 0.8298828757403632,
        "ci_low": 0.8118007378801462,
        "ci_high": 0.8500378709231273
      },
      "by_subset": {
        "Factuality": {
          "mean": 0.8470158187214873,
          "ci_low": 0.8128360807162143,
          "ci_high": 0.878599827139153
        },
        "Focus": {
          "mean": 0.8351510879402501,
          "ci_low": 0.7997567496493689,
          "ci_high": 0.8692871023227111
        },
        "Math": {
          "mean": 0.8948978499723476,
          "ci_low": 0.8452320136228182,
          "ci_high": 0.9398281651194944
        },
        "Precise IF": {
          "mean": 0.5287522754133918,
          "ci_low": 0.4448879551820728,
          "ci_high": 0.6104722332802547
        },
        "Safety": {
          "mean": 0.8809840823184304,
          "ci_low": 0.8482142857142857,
          "ci_high": 0.9108585066449177
        }
      }
    },
    "cost": {
      "cost_per_example": 0.0
    }
  },
  "claude_diminishing_returns_full": {
    "1": 0.7273262661955241,
    "2": 0.7723529411764706,
    "3": 0.7954144620811288,
    "4": 0.8115091015854374,
    "5": 0.819941348973607,
    "6": 0.8240469208211144,
    "7": 0.8281524926686217,
    "8": 0.8304985337243401
  },
  "claude_mini_baseline": {
    "name": "Claude Haiku 4.5 Baseline k=1",
    "n": 1701,
    "accuracy": {
      "overall": 0.7272192827748384,
      "n": 1701,
      "n_correct": 1237,
      "n_tied": 307,
      "by_subset": {
        "Factuality": {
          "accuracy": 0.6710239651416122,
          "n": 459,
          "n_correct": 308,
          "n_tied": 100
        },
        "Focus": {
          "accuracy": 0.6784968684759917,
          "n": 479,
          "n_correct": 325,
          "n_tied": 105
        },
        "Math": {
          "accuracy": 0.815028901734104,
          "n": 173,
          "n_correct": 141,
          "n_tied": 17
        },
        "Precise IF": {
          "accuracy": 0.5266666666666666,
          "n": 150,
          "n_correct": 79,
          "n_tied": 42
        },
        "Safety": {
          "accuracy": 0.8727272727272727,
          "n": 440,
          "n_correct": 384,
          "n_tied": 43
        }
      }
    },
    "accuracy_ci": {
      "overall": {
        "mean": 0.7271715351937326,
        "ci_low": 0.7049003516998827,
        "ci_high": 0.7477879744753635
      },
      "by_subset": {
        "Factuality": {
          "mean": 0.6713398424066146,
          "ci_low": 0.6295888160843298,
          "ci_high": 0.7173153787590407
        },
        "Focus": {
          "mean": 0.6789696582134278,
          "ci_low": 0.6377872665958908,
          "ci_high": 0.7192618999177334
        },
        "Math": {
          "mean": 0.8144096302422162,
          "ci_low": 0.7506283068783068,
          "ci_high": 0.8671231484826589
        },
        "Precise IF": {
          "mean": 0.525615227665419,
          "ci_low": 0.44298309604065,
          "ci_high": 0.6050082781456952
        },
        "Safety": {
          "mean": 0.8725875055840383,
          "ci_low": 0.8386523134606702,
          "ci_high": 0.8992602739726027
        }
      }
    },
    "cost": {
      "cost_per_example": 0.0
    }
  },
  "claude_mini_ensemble_k8": {
    "name": "Claude Haiku 4.5 Ensemble k=8",
    "n": 1721,
    "accuracy": {
      "overall": 0.8506682161533992,
      "n": 1721,
      "n_correct": 1464,
      "n_tied": 43,
      "by_subset": {
        "Factuality": {
          "accuracy": 0.8248945147679325,
          "n": 474,
          "n_correct": 391,
          "n_tied": 16
        },
        "Focus": {
          "accuracy": 0.8305785123966942,
          "n": 484,
          "n_correct": 402,
          "n_tied": 15
        },
        "Math": {
          "accuracy": 0.9075144508670521,
          "n": 173,
          "n_correct": 157,
          "n_tied": 1
        },
        "Precise IF": {
          "accuracy": 0.6533333333333333,
          "n": 150,
          "n_correct": 98,
          "n_tied": 7
        },
        "Safety": {
          "accuracy": 0.9454545454545454,
          "n": 440,
          "n_correct": 416,
          "n_tied": 4
        }
      }
    },
    "accuracy_ci": {
      "overall": {
        "mean": 0.8502321950476076,
        "ci_low": 0.832931435212086,
        "ci_high": 0.867599618653599
      },
      "by_subset": {
        "Factuality": {
          "mean": 0.8240807547434176,
          "ci_low": 0.7925868811482019,
          "ci_high": 0.8577501445922499
        },
        "Focus": {
          "mean": 0.8312898116702838,
          "ci_low": 0.7997852760736197,
          "ci_high": 0.8628714062312042
        },
        "Math": {
          "mean": 0.9061935160278678,
          "ci_low": 0.8636198512585812,
          "ci_high": 0.9453853046594982
        },
        "Precise IF": {
          "mean": 0.6508523331539855,
          "ci_low": 0.5632981090100111,
          "ci_high": 0.7291028225806451
        },
        "Safety": {
          "mean": 0.9454923650274227,